Grammars,3730_16_c.txt,5340_45_c.txt,4906_119_c.txt,10457_115_c.txt,1795_118_c.txt,4266_8_c.txt,2727_113_c.txt,4120_113_c.txt,16439_25_c.txt,16731_22_c.txt,16694_20_c.txt,4350_120_c.txt,15471_120_c.txt,14892_119_c.txt,14250_118_c.txt,2992_23_c.txt,14329_120_c.txt,7883_16_c.txt,13827_120_c.txt,6554_25_c.txt,16553_16_c.txt,10699_120_c.txt,7052_16_c.txt,14931_120_c.txt,15564_21_c.txt,2989_24_c.txt,12157_23_c.txt,12690_22_c.txt,363_22_c.txt,437_8_c.txt,13508_118_c.txt,10090_41_c.txt,13748_119_c.txt,15060_40_c.txt,5006_30_c.txt,7802_118_c.txt,2096_17_c.txt,3552_31_c.txt,523_16_c.txt,3135_22_c.txt,10023_120_c.txt,12084_32_c.txt,7527_15_c.txt,3892_120_c.txt,1850_117_c.txt,13010_117_c.txt,14722_123_c.txt,983_60_c.txt,5720_45_c.txt,9732_121_c.txt,12234_115_c.txt,2220_35_c.txt,8460_112_c.txt,7205_14_c.txt,3096_21_c.txt,15639_121_c.txt,1593_121_c.txt,14542_119_c.txt,4008_119_c.txt,1044_122_c.txt,7917_117_c.txt,925_122_c.txt,7217_122_c.txt,16783_18_c.txt,12954_21_c.txt,11608_118_c.txt,1182_122_c.txt,2462_25_c.txt,13007_45_c.txt,165_120_c.txt,12347_8_c.txt,863_119_c.txt,201_120_c.txt,456_2_c.txt,3988_119_c.txt,9488_25_c.txt,8857_121_c.txt,4646_120_c.txt
nBases,16,45,119,115,118,8,113,113,25,22,20,120,120,119,118,23,120,16,120,25,16,120,16,120,21,24,23,22,22,8,118,41,119,40,30,118,17,31,16,22,120,32,15,120,117,117,123,60,45,121,115,35,112,14,21,121,121,119,119,122,117,122,122,18,21,118,122,25,45,120,8,119,120,2,119,25,121,120
G_dag_6_10,48,115,302,315,295,30,304,300,71,64,59,310,337,300,297,67,338,51,303,69,50,302,49,338,61,68,66,65,64,30,322,106,304,104,80,326,53,84,50,65,341,86,45,291,323,339,307,146,115,304,289,93,324,46,61,338,335,336,298,310,342,306,338,55,62,342,305,70,115,326,31,300,307,12,290,71,306,339
grammar-3NTs-6rules-397670,57,128,317,335,312,37,321,318,81,73,69,327,359,315,313,77,359,58,319,80,58,318,57,360,71,78,76,74,74,36,343,117,322,116,92,348,61,95,58,74,362,96,54,306,344,365,325,160,128,321,308,104,348,54,71,360,357,357,313,328,369,323,361,63,71,368,324,80,127,348,37,315,324,15,306,81,326,361
grammar-2NTs-6rules-6614,75,161,358,364,352,47,358,354,105,96,90,364,388,356,353,100,389,77,360,104,76,359,75,389,92,101,99,96,96,47,375,149,359,147,118,378,80,122,76,97,392,125,71,347,366,388,365,198,161,354,331,133,362,70,92,390,383,386,354,367,398,357,391,84,93,393,362,104,161,379,48,356,361,16,345,105,357,390
grammar-2NTs-7rules-12831,72,159,357,362,351,44,360,355,102,93,87,366,394,355,352,97,396,74,359,101,73,358,72,395,90,98,96,94,93,43,379,147,361,145,116,381,78,120,73,94,398,122,68,347,368,390,364,196,159,354,327,131,364,67,90,397,387,395,353,365,402,357,396,81,90,394,364,101,158,384,44,355,363,11,344,103,356,397
grammar-2NTs-7rules-12158,76,164,361,367,355,48,361,357,108,98,92,367,391,359,356,102,393,79,363,106,78,362,77,393,95,103,101,99,98,48,378,152,362,150,121,381,82,125,78,99,395,128,72,350,370,392,368,202,164,358,334,136,365,72,95,394,386,390,357,370,402,361,395,86,95,396,365,106,164,383,49,359,364,17,348,108,360,394
grammar-2NTs-6rules-6562,92,194,376,385,371,56,375,370,129,118,110,381,407,375,372,122,407,95,378,127,94,377,93,408,113,124,121,118,118,56,397,181,377,179,145,393,99,149,94,118,409,153,87,368,389,410,384,236,194,378,358,162,388,86,113,409,405,404,372,385,418,381,411,103,114,415,380,128,194,398,57,375,378,15,364,129,377,408
grammar-2NTs-7rules-11696,76,164,361,367,355,48,361,357,108,98,92,367,391,359,356,102,393,79,363,106,78,362,77,393,95,103,101,99,98,48,378,152,362,150,121,381,82,125,78,99,395,128,72,350,370,392,368,202,164,358,334,136,365,72,95,394,386,390,357,370,402,361,395,86,95,396,365,106,164,383,49,359,364,17,348,108,360,394
RandomGrammar_6_36+81+91+132+134+204+215+227+259,48,115,298,311,291,30,300,296,70,63,59,305,332,296,292,66,334,50,298,69,49,297,48,334,61,67,65,64,64,29,318,105,300,104,80,322,52,83,49,64,336,86,45,286,319,335,303,146,115,299,285,92,320,45,61,334,331,332,294,305,338,301,334,55,61,338,300,69,115,322,30,296,302,11,285,71,302,335
RandomGrammar_5_0+1+16+24+48+96+97+153+156+163,69,154,339,345,333,43,334,329,99,90,84,339,369,337,334,94,370,72,340,97,71,339,70,370,87,95,93,91,90,43,361,142,334,140,112,354,75,115,71,91,371,118,66,328,352,371,339,190,153,334,318,126,354,65,87,369,364,367,335,340,378,337,369,78,87,375,336,98,153,363,44,337,336,15,326,99,341,371
grammar-2NTs-5rules-2574,91,196,370,374,368,55,363,360,129,118,109,373,390,369,367,122,391,95,371,128,92,369,91,392,114,125,121,119,118,54,394,183,366,180,145,383,98,150,93,119,393,154,88,361,385,401,375,239,196,372,353,163,384,85,113,400,397,388,367,375,407,376,401,103,114,405,375,128,195,395,55,369,371,17,360,129,369,391
RandomGrammar_3_0+1+8+10+12+13+15+34+37,47,114,312,319,306,29,307,303,69,62,58,313,343,310,307,65,344,49,313,68,48,312,47,344,60,66,64,63,63,28,334,104,307,103,79,331,51,82,48,63,347,85,44,301,328,346,310,145,114,307,292,91,330,44,60,343,340,342,308,313,350,309,343,54,60,349,308,68,114,338,29,310,310,10,300,70,317,345
RandomGrammar_5_10+25+31+33+48+57+72+75+131+146,72,156,332,349,328,46,337,333,102,92,86,340,370,332,328,96,372,75,336,100,74,332,73,371,89,98,95,93,93,46,361,145,340,143,114,360,78,118,74,93,375,121,68,328,356,374,342,193,156,338,322,129,360,68,89,375,369,369,330,343,382,341,375,81,90,378,340,100,156,357,47,332,339,18,324,102,338,373
G_star_3_7,47,114,309,316,303,29,304,300,69,62,58,309,340,307,304,65,341,49,310,68,48,309,47,341,60,66,64,63,63,28,331,104,304,103,79,328,51,82,48,63,343,85,44,298,325,343,307,145,114,304,289,91,327,44,60,340,337,339,305,310,347,305,340,54,60,346,305,68,114,335,29,307,306,10,297,70,314,342
RandomGrammar_3_0+1+8+13+15+26+34+37,49,117,312,319,306,30,308,303,72,65,60,313,343,310,307,68,344,51,313,70,50,312,49,344,62,69,67,65,65,30,334,107,307,106,82,331,54,85,50,66,347,87,46,301,328,347,310,149,117,307,293,94,331,46,62,343,341,343,308,313,351,309,343,56,63,350,308,71,117,338,31,310,310,10,300,72,317,345
RandomGrammar_6_36+81+91+132+134+204+215+227+259_prime,48,115,298,311,291,30,300,296,70,63,59,305,332,296,292,66,334,50,298,69,49,297,48,334,61,67,65,64,64,29,318,105,300,104,80,322,52,83,49,64,336,86,45,286,319,335,303,146,115,299,285,92,320,45,61,334,331,332,294,305,338,301,334,55,61,338,300,69,115,322,30,296,302,11,285,71,302,335
G_star_2_5,72,159,360,368,355,44,360,357,103,93,87,367,391,358,356,97,391,74,362,101,74,362,73,392,90,99,96,94,94,43,378,147,363,145,116,379,77,120,73,94,395,122,68,350,370,390,369,197,159,357,335,131,365,67,90,394,386,389,356,371,401,361,395,80,90,396,366,102,159,383,44,358,364,14,349,103,360,394
G_star_3_6,70,153,323,339,318,45,327,322,99,90,84,332,362,322,319,94,363,73,325,98,72,323,71,363,87,95,93,91,91,45,347,142,327,140,112,347,76,116,72,91,365,118,67,314,346,365,331,189,153,327,311,126,349,66,87,362,357,361,320,333,372,329,362,79,88,368,328,98,153,348,46,322,329,18,311,100,326,364
RandomGrammar_5_0+25+80+96+102+124+140+141+153+159,97,200,364,381,361,60,368,364,134,122,114,372,404,362,362,127,403,98,367,132,98,366,97,404,118,129,126,123,123,59,390,186,369,184,150,388,102,155,98,123,406,157,92,356,386,410,374,243,200,367,351,168,388,90,118,405,399,401,361,376,417,370,406,106,118,415,372,133,200,392,60,363,369,21,353,134,369,406
grammar-3NTs-6rules-531024,70,153,323,339,318,45,327,322,99,90,84,332,362,322,319,94,363,73,325,98,72,323,71,363,87,95,93,91,91,45,347,142,327,140,112,347,76,116,72,91,365,118,67,314,346,365,331,189,153,327,311,126,349,66,87,362,357,361,320,333,372,329,362,79,88,368,328,98,153,348,46,322,329,18,311,100,326,364
G_dag_6_10_prime,48,115,298,311,291,30,300,296,70,63,59,305,332,296,292,66,334,50,298,69,49,297,48,334,61,67,65,64,64,29,318,105,300,104,80,322,52,83,49,64,336,86,45,286,319,335,303,146,115,299,285,92,320,45,61,334,331,332,294,305,338,301,334,55,61,338,300,69,115,322,30,296,302,11,285,71,302,335
RandomGrammar_3_0+1+8+13+15+29+34+37,50,118,313,320,307,31,309,304,73,66,61,314,344,311,308,69,345,52,314,72,51,313,50,345,63,70,68,67,66,31,335,108,308,107,83,332,55,86,51,67,348,89,47,302,329,348,311,150,118,308,294,95,332,47,63,344,342,344,309,314,352,310,344,57,64,351,309,72,118,339,32,311,311,11,301,73,318,346
RandomGrammar_6_36+69+87+89+150+160+186+227+245+251,48,115,301,315,294,30,305,301,71,64,59,310,340,299,296,67,341,50,302,69,49,301,48,341,61,67,66,64,64,29,323,105,305,104,80,328,53,84,49,65,344,86,45,290,327,341,305,146,115,305,287,93,325,45,61,340,339,341,297,308,342,304,340,55,61,344,303,69,115,327,30,299,307,12,289,71,307,342
